supplier_key,supplier_id,supplier_name,contact_email,contact_phone
1,SUP0001,Shaffer-Carter,katelyn59@cruz-campbell.org,202-408-1668x45698
2,SUP0002,"Parks, Gates and Scott",daniel51@chavez.com,+1-265-308-8106x1127
3,SUP0003,Smith LLC,bbrown@cooper.com,(232)787-7049
4,SUP0004,"Mitchell, Gonzalez and Jones",ovalentine@lamb.com,976-602-0296
5,SUP0005,"Harrell, Henry and Harrell",evan30@ochoa-rodriguez.com,746-771-2196x2755
6,SUP0006,Duarte-Ray,mcdonaldjustin@lee.com,665.339.5241
7,SUP0007,Johnson-Jensen,marcusturner@donovan.org,897-663-7842
8,SUP0008,"Mitchell, Moyer and Vargas",gwood@woodard-smith.net,(847)423-9572
9,SUP0009,"Harris, Williamson and Ross",danielleturner@ramirez.com,(326)886-2784x5339
10,SUP0010,Nunez-Diaz,pdurham@davis.com,5503967053
11,SUP0011,Levine-Meyer,laurenmartinez@jones-mcguire.com,+1-943-933-3488x0233
12,SUP0012,Harmon LLC,hryan@castillo-farley.info,855-378-7389
13,SUP0013,"Lucas, Doyle and Bolton",emilywilliams@williams.com,943-690-2200
14,SUP0014,Barnes-Banks,arthurgarcia@walters.info,444.731.1765
15,SUP0015,Kennedy LLC,qzavala@sanchez-prince.com,+1-391-645-3023x229
16,SUP0016,"Berger, Burton and Williams",brianallen@solomon.org,472.670.1694
17,SUP0017,Patel-Ward,ckhan@moore-cummings.com,(516)638-0996x36410
18,SUP0018,Casey Ltd,bmccoy@douglas.org,(792)408-3279x871
19,SUP0019,"House, Park and Moore",christine23@ford.net,(864)771-6208
20,SUP0020,Martinez and Sons,nancyhansen@carpenter.info,(786)394-0481x719
21,SUP0021,Hunt-Day,fernandezvernon@rodriguez-lamb.biz,(630)703-0659x335
22,SUP0022,"Frye, Conner and Gutierrez",loriscott@edwards-figueroa.biz,(286)347-5912
23,SUP0023,"Reed, Bird and Barrera",cpope@murphy.biz,+1-751-671-2665x374
24,SUP0024,Silva LLC,cjenkins@lawrence.net,001-268-561-4669
25,SUP0025,Richardson-Howard,leah89@gonzalez.com,(467)558-5669x35882
26,SUP0026,"Stevenson, Baker and Waller",tcampbell@wilson-robinson.com,4856833559
27,SUP0027,Riley PLC,kking@williams.com,321.232.7000x335
28,SUP0028,Gonzalez and Sons,ayalacourtney@gonzalez.biz,(785)693-3391
29,SUP0029,Johnson Ltd,nelsondavid@barrett-wilson.com,(888)658-2574
30,SUP0030,Nelson-Reyes,theresa96@lucas.com,001-899-614-0171
31,SUP0031,Rogers and Sons,espinozanicholas@blackburn.com,001-278-405-0016x57257
32,SUP0032,"Brown, Andrade and Smith",andrew71@santana-payne.com,343.874.6882x894
33,SUP0033,Clay PLC,keith72@yoder.com,(347)985-5277x278
34,SUP0034,"Baxter, Reed and York",tthomas@jackson.net,631-480-8295x680
35,SUP0035,Robinson-Riley,patrickfleming@kramer.org,(362)967-4748x25210
36,SUP0036,Wilson Ltd,paul19@collins-blackburn.com,7426245740
37,SUP0037,Wright Inc,oherrera@wilson-oliver.com,001-706-402-6998x867
38,SUP0038,"Brown, Norton and Moore",davisnatasha@walker-gonzales.biz,991.910.0305
39,SUP0039,Bowman Ltd,reedlindsay@harris-skinner.com,385.711.4144x8362
40,SUP0040,"Sanchez, Bowers and Dunn",jdelgado@white-novak.net,353.949.1003x022
41,SUP0041,Hart-Zimmerman,jmaxwell@johns.com,708-758-0808
42,SUP0042,Williamson Inc,ricky35@frank-sanchez.com,344-536-8164x86997
43,SUP0043,Rogers and Sons,joseph05@chambers-webb.net,773-435-2046x4066
44,SUP0044,Davis PLC,samanthalawrence@hooper.biz,(242)979-2871
45,SUP0045,Andrews Ltd,datkins@berg.com,001-383-712-2917x099
46,SUP0046,Thompson LLC,pallen@nelson.com,873-210-6559x639
47,SUP0047,"Miller, Martin and Burns",kharris@taylor-bryant.com,(689)546-4558x03651
48,SUP0048,Anderson Ltd,ncarter@mitchell-smith.com,944.514.8770x0312
49,SUP0049,Day-Stanley,william71@cooper.biz,8083807950
50,SUP0050,Hicks Inc,smartinez@williams.biz,235.787.3464x90056
51,SUP0051,Lindsey-Frazier,fbrown@scott.com,274.801.5364x345
52,SUP0052,Bennett-Harrison,michellejames@moreno.com,586.976.4282x65522
53,SUP0053,Butler-Wood,aholt@williams-sullivan.org,4444132184
54,SUP0054,Powers-Paul,wjohnson@thompson.biz,+1-957-259-5191
55,SUP0055,"Burns, Potter and Fletcher",noah47@richardson-brown.net,001-947-526-0543x2569
56,SUP0056,Jones-Pennington,osanchez@mcdonald.com,639-281-0329
57,SUP0057,Freeman-Garcia,jessicagarcia@davis-blackwell.org,691-543-3640x060
58,SUP0058,Delgado and Sons,jasonbell@sutton-clark.org,965.574.5365
59,SUP0059,Barnes-Bryant,normaclayton@hill.net,488-940-0082x56663
60,SUP0060,Robinson-Zimmerman,amy43@watts-smith.com,842.564.7123x87902
61,SUP0061,Trujillo-Barajas,nrobertson@paul-wilson.biz,263-575-1235
62,SUP0062,Garcia Inc,mosleywilliam@white.com,985.817.2731
63,SUP0063,Stevenson-Pittman,michaelgarcia@perez-wilson.com,001-715-382-2269x210
64,SUP0064,Scott Group,qarmstrong@booth-david.com,(531)261-2039x996
65,SUP0065,Stewart-Lloyd,ian67@riley.net,232.458.1902
66,SUP0066,Robinson-Williams,rhondapatterson@smith.biz,001-593-936-2720
67,SUP0067,Roberts Ltd,meredithellis@knox.biz,3598292120
68,SUP0068,Coleman Ltd,rebecca21@holmes.com,365.702.1844x126
69,SUP0069,Clayton Group,thampton@hale-gonzalez.com,283.237.6558x161
70,SUP0070,Rowland LLC,gutierrezmargaret@davis-wallace.com,791.775.4485x926
71,SUP0071,Hoover-Jones,woodshunter@jones-morton.com,909-699-3250
72,SUP0072,Johnson LLC,lynngomez@levine.org,466.693.3814x326
73,SUP0073,Massey Ltd,timothy56@gillespie-camacho.com,811-396-9234
74,SUP0074,"Edwards, Harris and Wise",kristenperkins@smith.com,245.444.1568x41041
75,SUP0075,"Jones, Morris and Miller",lewisdeanna@peterson.biz,3966224888
76,SUP0076,Walker-Rodriguez,sandra26@hall.net,(735)571-1875x9600
77,SUP0077,King-Alvarado,tbrewer@lane.com,001-686-332-1229x415
78,SUP0078,"Smith, Davis and Lopez",hroth@yu.com,475.504.6071
79,SUP0079,Espinoza Group,cperez@freeman.com,(619)452-4525x39161
80,SUP0080,Ramsey-Moreno,bdrake@smith-kramer.com,001-675-827-7949x19188
81,SUP0081,Ellis-Morris,yolandapeterson@castro.com,792-803-9053x61772
82,SUP0082,"Gardner, Brown and Cardenas",scottrobert@tucker.com,816-817-1063x53187
83,SUP0083,"Cruz, Brooks and Walker",martinezchristopher@davis-kirby.net,(581)938-8940
84,SUP0084,Miranda-Alvarez,yrobinson@williams.com,(599)271-0426
85,SUP0085,Stevenson-Burton,drandolph@smith-clark.com,+1-480-404-9510x3553
86,SUP0086,Hodge Ltd,vjackson@castillo-russell.info,486-436-7901
87,SUP0087,Wilson-Khan,idavis@lawrence.com,001-850-724-2047x11881
88,SUP0088,"Atkinson, Sandoval and Smith",clementsrichard@johnson.com,001-284-675-6977x482
89,SUP0089,White-Blackburn,bramirez@anderson-brown.com,(864)898-6695
90,SUP0090,Holloway-Dennis,april60@gonzales-lawson.net,7473404351
91,SUP0091,"Gardner, Mendez and Warner",davismatthew@hughes.net,001-209-574-1373x941
92,SUP0092,Wright LLC,hugheskristin@khan.com,5694477738
93,SUP0093,Williams-Dennis,joycedonovan@howe.info,(201)879-2721
94,SUP0094,"Williams, Mcknight and Robinson",johnsonelizabeth@gray.info,001-690-487-7566x51451
95,SUP0095,Wright Inc,foleylaura@wheeler.biz,(647)444-6256
96,SUP0096,Jones-Henry,vsimmons@wood-li.com,8322327666
97,SUP0097,Simpson-Vasquez,buchananerin@hurley.com,613-519-3276
98,SUP0098,"Garcia, Boyd and Bishop",emma33@townsend-miller.net,(943)311-3721x684
99,SUP0099,Hill-Ortiz,danielsvanessa@preston.com,(989)959-3489x1653
100,SUP0100,"Ramirez, Moore and Chavez",rebecca24@williams-flores.biz,440.277.4569
101,SUP0101,Douglas PLC,nreynolds@lopez.com,862.785.6281x05155
102,SUP0102,Braun-Pierce,porterjimmy@vazquez-warren.biz,222.320.5584
103,SUP0103,"Mccarthy, Walker and Robinson",yphillips@freeman.info,378-819-0246x709
104,SUP0104,"Mendoza, Moore and Boyd",gbarker@johnson.com,001-700-568-8535
105,SUP0105,Sheppard-Gordon,qramos@garcia.com,454-670-5334
106,SUP0106,"Guerrero, Hernandez and Garza",baileykimberly@valenzuela-white.biz,(375)330-0834
107,SUP0107,Ward-Bridges,osmith@potter.com,(256)540-2951x9185
108,SUP0108,Medina-Ross,john69@richardson.com,211.580.6702
109,SUP0109,Martinez LLC,laura46@duke-phillips.net,001-759-255-6024x5193
110,SUP0110,Smith-Rios,briangraham@martinez.biz,667.753.6645x3512
111,SUP0111,"Steele, Robinson and Boyd",vincentshelton@flores-knox.com,001-454-421-2517
112,SUP0112,Harris Group,anthonybond@banks-peters.com,+1-738-822-2326x342
113,SUP0113,Whitehead Ltd,garyrobinson@shields-fowler.com,+1-912-336-3824x59521
114,SUP0114,"Mendez, Ferguson and Lynch",mathewsgary@kirk.com,001-584-374-7859
115,SUP0115,Richardson-Rocha,kwoods@page.org,231-614-7406x61229
116,SUP0116,Foster-Johnson,vturner@mitchell-ray.com,795.466.4713x91452
117,SUP0117,"Harris, Porter and Spencer",carol05@nguyen-green.com,001-591-220-4941x23632
118,SUP0118,Wilson-Miller,amy20@williams.com,638.694.1214
119,SUP0119,Benton-Andrews,rturner@garrett-jensen.com,001-832-675-7719x53305
120,SUP0120,Adkins LLC,jose12@hart.com,513.676.4402
121,SUP0121,Barton Group,karitorres@barber-hatfield.com,722.553.6487
122,SUP0122,"Williams, Olson and Stout",michael05@montgomery.com,9087035883
123,SUP0123,"Lewis, Hudson and Hansen",qdunn@wallace.com,(726)797-1986x0309
124,SUP0124,"Christian, Blair and Foster",dsexton@young-phillips.com,692.996.6091
125,SUP0125,Morgan Inc,thomassmith@doyle-jimenez.com,+1-970-915-3162x37897
126,SUP0126,Smith PLC,ymiranda@mccall.com,200-733-0944x385
127,SUP0127,Cantu Ltd,nlee@graham-davis.com,+1-435-503-7857x39795
128,SUP0128,Reynolds-Trujillo,jim25@ortega-delgado.org,241.784.5142x1436
129,SUP0129,Fernandez-Huff,butlergina@bartlett.com,506.714.5984x15083
130,SUP0130,Miller-Davis,andersonerin@reed.com,(306)279-2006
131,SUP0131,"George, Stanley and Rodriguez",martinezdalton@davidson-richardson.com,+1-649-604-2052
132,SUP0132,Zavala-Chan,steven09@conner.com,001-413-918-3236
133,SUP0133,Carpenter-Jordan,robinsonelizabeth@wolfe.com,388.815.4120x8109
134,SUP0134,"Walton, Carr and Washington",nmiddleton@watts.com,391.840.3222x0327
135,SUP0135,Smith-Oliver,james96@smith.info,580.869.5797x6076
136,SUP0136,Young-Cook,michaelday@gardner.com,(859)369-9484x61151
137,SUP0137,Fleming and Sons,kthomas@spencer.com,+1-569-700-1389x8148
138,SUP0138,"Marks, Mendez and Brown",eddie62@zavala-schaefer.biz,001-460-647-1610x607
139,SUP0139,Williams-Burns,sosastephanie@baker.net,339.914.0717x91577
140,SUP0140,"Williams, Conway and Francis",ywashington@robbins.com,+1-273-948-2164x5066
141,SUP0141,Morrison and Sons,karen14@forbes.biz,358.939.7179
142,SUP0142,Jackson-Cruz,dennisjohns@kennedy.com,260-993-0615x35569
143,SUP0143,Mack-Rice,kgarcia@weber-hernandez.info,(912)835-3229x19727
144,SUP0144,Bailey-Chavez,rickylove@johnson-carey.org,880-371-2221x666
145,SUP0145,Carrillo Ltd,griffinsharon@king-wilson.com,(483)337-8281
146,SUP0146,Beck LLC,ajohnson@johnson.com,548.590.9187
147,SUP0147,"Green, Miller and Bowen",valdezandrew@gonzales.biz,+1-377-300-9536
148,SUP0148,Blake-Harris,erin42@smith.net,324-541-5513
149,SUP0149,Hernandez Group,daviscourtney@mills-salas.net,001-895-517-1883x17861
150,SUP0150,"Lee, Yates and Nichols",matthew78@cummings-gibson.info,+1-360-803-1476x19133
151,SUP0151,Dunn Group,zchang@lee.com,5933955171
152,SUP0152,"Hernandez, Bradley and Johnson",dianaboyd@snyder-li.com,2073276287
153,SUP0153,Green-Rubio,biancaward@hall.com,282-616-9014x01644
154,SUP0154,"Gray, Fernandez and Nelson",courtney83@washington-bryant.com,001-897-999-7797x605
155,SUP0155,Campbell-House,gary37@nixon.com,738-356-3044
156,SUP0156,Houston-Johnston,brittanyperkins@salazar-smith.com,+1-215-669-9515x833
157,SUP0157,Novak LLC,emily52@thompson-kelly.net,+1-632-560-7509x9223
158,SUP0158,Scott Ltd,riverarobert@brown.info,(475)324-9807x4841
159,SUP0159,Massey and Sons,hgiles@perry-brown.com,001-732-862-2559
160,SUP0160,Cook and Sons,michaelferguson@rodriguez.net,001-795-966-8933x48529
161,SUP0161,Hayes-Haynes,jesse20@porter.biz,799-615-4153x21368
162,SUP0162,Walters-Harris,aflores@baxter.org,001-779-330-3070x3775
163,SUP0163,"Young, Sutton and Cox",jennifer05@jackson.com,(291)541-9865x1531
164,SUP0164,Huerta-Ross,melissa59@ramirez-smith.net,551-203-5112
165,SUP0165,Dawson and Sons,rfields@patel.com,001-200-826-5646x0464
166,SUP0166,Moses-Sanders,browntimothy@schaefer.net,532.445.4169x4138
167,SUP0167,"Green, Wilson and Ross",jamescastaneda@james-johns.com,(520)522-5728
168,SUP0168,Silva and Sons,wrightjulie@king-howard.info,+1-949-379-5931x07037
169,SUP0169,Ballard-Mills,webbwayne@jones-schultz.com,727.444.5136
170,SUP0170,Herrera-Matthews,owang@thomas-rodriguez.com,5253893223
171,SUP0171,"Schneider, Mcclain and Davis",bakerstephanie@brown-wilson.com,7445382725
172,SUP0172,Cervantes Inc,kimberly34@benitez-arnold.biz,(724)710-1438
173,SUP0173,"Smith, Sanchez and Figueroa",wrightteresa@fletcher-brown.com,+1-781-895-8364x2609
174,SUP0174,Bennett-Calderon,taylorsmith@burton.com,826.960.0122x72268
175,SUP0175,Leon Ltd,thomasrobin@smith-hines.com,(903)365-2024
176,SUP0176,Garcia LLC,xmoore@hernandez-mayer.info,+1-841-914-7268
177,SUP0177,Love Group,hallmonica@lambert.com,001-351-480-1046x772
178,SUP0178,Floyd Ltd,cummingslindsey@warren.org,983-807-0947x683
179,SUP0179,"Parsons, Mills and Wheeler",chrisharvey@bryant.com,+1-349-518-0302x23694
180,SUP0180,Ruiz-Allen,wrodgers@jones.com,001-348-784-3067x2917
181,SUP0181,Richards-Boyle,jrussell@dean.com,(948)248-9404x6210
182,SUP0182,"Murphy, Powell and Hunter",heidiwelch@york-davis.com,001-437-586-3220x857
183,SUP0183,"Lewis, Jones and George",ojohnson@owen-arnold.info,+1-305-458-1594
184,SUP0184,Hernandez-Kim,robinsontammy@adkins-joyce.com,200-787-9385
185,SUP0185,"Aguilar, Thornton and Adams",qjoyce@simmons.com,520-577-0769x1374
186,SUP0186,Morris Group,donnahodge@carroll.biz,7337438299
187,SUP0187,Chang-Fritz,paul85@kirk.com,(688)236-1603
188,SUP0188,Johnson-Walker,penagregory@robinson-jensen.info,8004599268
189,SUP0189,Thompson Inc,patricia38@johnson.com,+1-711-430-0811x31424
190,SUP0190,"Cook, Miller and Hensley",slewis@miller.com,001-707-936-5269x281
191,SUP0191,Huerta-Nash,taylornicholas@moore-bell.biz,001-874-639-0593x46368
192,SUP0192,"Walker, Campbell and Thornton",feliciajones@blankenship.com,692-524-3475x53969
193,SUP0193,Beltran-Hamilton,johnsonrandy@charles-murphy.net,756.392.0957
194,SUP0194,Jones PLC,scott44@bean.com,001-450-242-1435x7058
195,SUP0195,"Leon, Colon and Cortez",bhughes@lara-lopez.com,(802)618-9719x58838
196,SUP0196,Nixon Group,masonchad@diaz-collins.com,(950)260-9062x16516
197,SUP0197,"Thompson, Allen and Santos",christensenstephanie@young-wong.com,516-775-5213x1227
198,SUP0198,Kim-Quinn,smithmark@holt.info,(467)626-7179x1211
199,SUP0199,Aguilar-Brooks,meghanwatson@lindsey-horn.com,(525)824-2210x744
200,SUP0200,"Griffin, Contreras and Fowler",dtaylor@reyes-marshall.com,+1-539-446-6591x538
